{"save_filename": "12", "rectangles": [{"rectname": "sdt", "rectangle": {"x": 447.40625, "y": 165.40625, "width": 174, "height": 22}}, {"rectname": "mst", "rectangle": {"x": 282.40625, "y": 165.40625, "width": 110, "height": 23}}], "scale_img": 1.9258160237388724}